year,storage,value
2020,Battery,0.5
2020,PHS,0
2020,H2Tank,0.1
2030,Battery,0.475
2030,PHS,0
2030,H2Tank,0.1
2040,Battery,0.45125
2040,PHS,0
2040,H2Tank,0.1
2050,Battery,0.4286875
2050,PHS,0
2050,H2Tank,0.1
